method,participants,windows,participant_equal_mae_bpm,participant_equal_rmse_bpm,participant_equal_within10,participant_equal_unsafe_gt10,pearson_r_window_pooled_descriptive
VitalsSight_frozen_candidate_aware,83,2120,4.2166107612267245,6.848887744606423,0.9457101131799928,0.05428988682000729,0.7003319371737904
matched_extra_trees_stacker_frozen,83,2120,4.3441319615282445,5.88522102869988,0.9374771814530851,0.06252281854691494,0.7529162595295604
single_route_TSCAN_frozen,83,2120,5.713692839539978,8.974442262685185,0.8939211391018619,0.106078860898138,0.613476690992551
