Comparator,"Mean delta (V32 minus comparator), BPM",CI95 low,CI95 high,Paired sign-flip p,Statistical role
Prior candidate-aware,-0.8533296130952379,-1.7202972808441555,-0.248826856737013,0.0029997000299970002,primary repaired-selector contrast
Independent emission,-0.4800315012368584,-1.0685553518282314,-0.0023779931006495543,0.0993900609939006,exploratory temporal increment
