Method,Protocol role,Participants,Windows,Participant-equal MAE (BPM),MAE 95% CI low,MAE 95% CI high,Participant-equal RMSE (BPM),Within 5 BPM,Within 10 BPM,Error >10 BPM
TS-CAN,single learned route,42,439,6.09744608070501,3.431723967996289,9.235664551687153,10.445570604057254,0.760969387755102,0.8605596784168212,0.1394403215831787
Matched ridge,matched direct stacker,42,439,6.646819732723444,5.133702650081942,8.442376552977962,8.347817875288907,0.6047000618429189,0.8086193568336425,0.19138064316635747
Matched ExtraTrees,matched direct stacker,42,439,4.16262386739965,2.566309943625676,6.216045344945439,5.627642260146776,0.7707946815089672,0.8816635745207174,0.11833642547928261
Prior candidate-aware,source-preserving comparator,42,439,2.6887839652906615,1.4021005152771335,4.450952646683672,5.32297625363852,0.8224799010513295,0.9390769944341373,0.060923005565862706
V32 independent emission,candidate-path ablation,42,439,2.315485853432282,1.1827784380797777,3.935662830473098,4.6480735141158265,0.8545609152752011,0.950703463203463,0.049296536796536804
VitalsSight V32 (ours),proposed joint candidate path,42,439,1.8354543521954239,0.826885121946506,3.418854118351886,3.627537456639812,0.8681508967223254,0.9634817563388993,0.036518243661100805
