outer_fold,selected_transition_lambda,inner_mean_participant_mae_bpm
1,0.4,2.74765888047138
2,0.2,1.1272828733766231
3,0.2,3.1087014114357863
